{
    "normal": {
        "rf": {
            "MSE": 19.0134904024,
            "MAE": 3.94279862452106,
            "RMSE": 4.0615162356568,
            "MAPE": 0.03933635431647232,
            "R^2": 0.93682392903743894
        },
        "xgb": {
            "MSE": 11.3586732002,
            "MAE": 2.8392469693314,
            "RMSE": 4.4713390056315,
            "MAPE": 0.03517000223640786,
            "R^2": 0.9815611224218002
        },
        "lgb": {
            "MSE": 12.2444474294,
            "MAE": 3.8812860517114,
            "RMSE": 4.53957416922514,
            "MAPE": 0.03786539751558377,
            "R^2": 0.97379981188668927
        },
        "dt": {
            "MSE": 20.5668916197,
            "MAE": 3.1715812411896,
            "RMSE": 5.7147411286543,
            "MAPE": 0.04381480796414161,
            "R^2": 0.89399725539533176
        }
    },
    "future": {
        "rf": {
            "MSE": 1279411.0134904024,
            "MAE": 319.94279862452106,
            "RMSE": 468.0615162356568,
            "MAPE": 0.03933635431647232,
            "R^2": 0.43682392903743894
        },
        "xgb": {
            "MSE": 1141085.3586732002,
            "MAE": 280.0392469693314,
            "RMSE": 416.4713390056315,
            "MAPE": 0.03517000223640786,
            "R^2": 0.4915611224218002
        },
        "lgb": {
            "MSE": 1284894.2444474294,
            "MAE": 303.8812860517114,
            "RMSE": 455.23957416922514,
            "MAPE": 0.03786539751558377,
            "R^2": 0.44379981188668927
        },
        "dt": {
            "MSE": 1387028.5668916197,
            "MAE": 377.1715812411896,
            "RMSE": 525.7147411286543,
            "MAPE": 0.04381480796414161,
            "R^2": 0.39399725539533176
        }
    }
}