{
    "normal": {
        "rf": {
            "MSE": 1.212488354763384,
            "MAE": 0.9008209615515199,
            "RMSE": 1.1011304894350098,
            "MAPE": 0.003771300731604677,
            "R^2": 0.6845899292139166
        },
        "xgb": {
            "MSE": 0.13666092492133028,
            "MAE": 0.21926110839843319,
            "RMSE": 0.3696767843959508,
            "MAPE": 0.0009204988126887328,
            "R^2": 0.9644497764998822
        },
        "lgb": {
            "MSE": 0.01361408621681394,
            "MAE": 0.0750078291736486,
            "RMSE": 0.11667941642300898,
            "MAPE": 0.0003144908548895778,
            "R^2": 0.9964585062772243
        },
        "dt": {
            "MSE": 3.0080932087053536,
            "MAE": 1.3963660714285708,
            "RMSE": 1.7343855421172518,
            "MAPE": 0.005837471641115255,
            "R^2": 0.217491130400138
        }
    },
    "future": {},
    "supplement": {}
}